{
  "project_info": {
    "project_number": "483048011615",
    "firebase_url": "https://fir-testapphien.firebaseio.com",
    "project_id": "fir-testapphien",
    "storage_bucket": "fir-testapphien.appspot.com"
  },
  "client": [
    {
      "client_info": {
        "mobilesdk_app_id": "1:483048011615:android:4d04e077b82d3943",
        "android_client_info": {
          "package_name": "com.example.restatrunservice"
        }
      },
      "oauth_client": [
        {
          "client_id": "483048011615-v0c2jflj9h2ol1td3ro3fjkdftffqub9.apps.googleusercontent.com",
          "client_type": 1,
          "android_info": {
            "package_name": "com.example.solar_lich96tb.firebase",
            "certificate_hash": "6273fddaadc327d818d8a97ecdfe693f58b18b68"
          }
        },
        {
          "client_id": "483048011615-7k3h40r2gpjaid3p2gfj5958gl1ig5em.apps.googleusercontent.com",
          "client_type": 3
        }
      ],
      "api_key": [
        {
          "current_key": "AIzaSyADqMJasHf27YHMqw_CbYmblrfuZSKWD_k"
        }
      ],
      "services": {
        "analytics_service": {
          "status": 1
        },
        "appinvite_service": {
          "status": 2,
          "other_platform_oauth_client": [
            {
              "client_id": "483048011615-7k3h40r2gpjaid3p2gfj5958gl1ig5em.apps.googleusercontent.com",
              "client_type": 3
            }
          ]
        },
        "ads_service": {
          "status": 2
        }
      }
    }
  ],
  "configuration_version": "1"
}